id,first_name,last_name,email,gender,ip_address
1,George,Ferguson,gferguson0@skype.com,Male,22.167.244.36
2,Paul,Gonzalez,pgonzalez1@nature.com,Male,69.129.0.241
3,Sharon,Watkins,swatkins2@wsj.com,Female,158.137.196.128
4,Julie,Long,jlong3@github.com,Female,186.177.222.206
5,Kelly,White,kwhite4@bloglines.com,Female,229.36.13.173
6,Gregory,Cooper,gcooper5@php.net,Male,31.108.10.57
7,Laura,Castillo,lcastillo6@macromedia.com,Female,68.79.226.194
8,Theresa,Austin,taustin7@gizmodo.com,Female,69.85.137.93
9,Amanda,Garza,agarza8@msn.com,Female,227.169.37.226
10,Russell,Wright,rwright9@nymag.com,Male,159.186.184.23
11,Janet,Fisher,jfishera@barnesandnoble.com,Female,165.238.7.210
12,Sara,Miller,smillerb@blogspot.com,Female,221.44.183.102
13,Steve,Alexander,salexanderc@ted.com,Male,183.195.104.141
14,Kenneth,Davis,kdavisd@cnet.com,Male,94.214.70.117
15,Christina,West,cweste@phpbb.com,Female,145.222.78.13
16,Mark,Jackson,mjacksonf@spiegel.de,Male,35.146.23.54
17,Robin,Simmons,rsimmonsg@columbia.edu,Female,134.240.129.163
18,Sara,Nelson,snelsonh@liveinternet.ru,Female,207.82.60.247
19,Linda,Lawson,llawsoni@berkeley.edu,Female,11.241.185.91
20,Howard,Nguyen,hnguyenj@ucla.edu,Male,159.126.13.117
